{
    "resnet18": {
        "train_complete": true,
        "validation_complete": true,
        "epochs": [
            1,
            2,
            3,
            4
        ],
        "train_loss": [
            0.06461321357043184,
            0.02856312194736755,
            0.018222850130832396,
            0.0162823957020417
        ],
        "val_loss": [
            27.625279434592812,
            8.49287464494364,
            2.2035595189331616,
            12.826472099394778
        ],
        "val_acc": [
            0.9924873721186637,
            0.9978974898079537,
            0.9996666752134561,
            0.9966923925027563
        ],
        "f1_score": [
            0.9925670496836341,
            0.9978984394396219,
            0.9996666105868401,
            0.9966957803608707
        ],
        "best_acc": 0.999512833004282
    },
    "CNN": {
        "train_complete": true,
        "validation_complete": true,
        "epochs": [
            1,
            2,
            3,
            4
        ],
        "train_loss": [
            0.08225408719022166,
            0.03157811080873245,
            0.026462384306034984,
            0.024049894733561002
        ],
        "val_loss": [
            38.00424148425009,
            13.28067058536385,
            4.6230834017083,
            27.684149337975356
        ],
        "val_acc": [
            0.98917976462142,
            0.996384708084408,
            0.9990769467449553,
            0.992871977641599
        ],
        "f1_score": [
            0.9892319399377743,
            0.9963916680697539,
            0.9990768677081755,
            0.9928991672349732
        ],
        "best_acc": 0.9980513320171278
    }
}