{
    "resnet18": {
        "train_complete": true,
        "epochs": [
            1,
            2,
            3,
            4
        ],
        "train_loss": [
            0.06461321357043184,
            0.02856312194736755,
            0.018222850130832396,
            0.0162823957020417
        ],
        "val_acc": [
            0.9929232583779903,
            0.9975898053896054,
            0.999512833004282,
            0.9959488218250814
        ],
        "best_acc": 0.999512833004282
    }
}