{
    "resnet18": {
        "train_complete": true,
        "validation_complete": true,
        "epochs": [
            1,
            2,
            3,
            4
        ],
        "train_loss": [
            0.06461321357043184,
            0.02856312194736755,
            0.018222850130832396,
            0.0162823957020417
        ],
        "val_loss": [
            27.625279434592812,
            8.49287464494364,
            2.2035595189331616,
            12.826472099394778
        ],
        "val_acc": [
            0.9924873721186637,
            0.9978974898079537,
            0.9996666752134561,
            0.9966923925027563
        ],
        "f1_score": [
            0.9925670496836341,
            0.9978984394396219,
            0.9996666105868401,
            0.9966957803608707
        ],
        "best_acc": 0.999512833004282
    }
}